INSERT 	
	INTO SERVICE (SERVICE_ID,TELSTRA_SERVICE_ID,PRODUCT_LINE,CUSTOMER_ID,AS_NUMBER,PARENT_SITE_ID,ROUTER,INTERFACE,BGP_NEIGHBOR_IP,IRRD_OBJECT,BHA_BGP_NEIGHBOR_IP,BLACK_HOLE_ROUTING,BGP_NEIGHBOR_IP_V6,BHA_BGP_NEIGHBOR_IP_V6)
	values ('phkgript44544','phkgript44544','GID','14264','AS9729',null,'lab-X01','2115','12.2.1.2','AS11 AS22','200.100.10.0','212.23.12.1','','');

INSERT 	
	INTO SERVICE (SERVICE_ID,TELSTRA_SERVICE_ID,PRODUCT_LINE,CUSTOMER_ID,AS_NUMBER,PARENT_SITE_ID,ROUTER,INTERFACE,BGP_NEIGHBOR_IP,IRRD_OBJECT,BHA_BGP_NEIGHBOR_IP,BLACK_HOLE_ROUTING,BGP_NEIGHBOR_IP_V6,BHA_BGP_NEIGHBOR_IP_V6)
	values ('phkgript44548','phkgript44548','GID','14264','AS9729',null,'lab-X03','2115','12.2.1.2','AS11 AS22','200.100.10.0','212.23.12.1','','');
		
INSERT 	
	INTO SERVICE (SERVICE_ID,TELSTRA_SERVICE_ID,PRODUCT_LINE,CUSTOMER_ID,AS_NUMBER,PARENT_SITE_ID,ROUTER,INTERFACE,BGP_NEIGHBOR_IP,IRRD_OBJECT,BHA_BGP_NEIGHBOR_IP,BLACK_HOLE_ROUTING,BGP_NEIGHBOR_IP_V6,BHA_BGP_NEIGHBOR_IP_V6)
	values ('phkgript44549','phkgript44549','GID','14264','AS9730',null,'lab-X02','2115','12.2.1.2','AS11 AS22','200.100.10.0','212.23.12.1','','');
	
INSERT 	
	INTO SERVICE (SERVICE_ID,TELSTRA_SERVICE_ID,PRODUCT_LINE,CUSTOMER_ID,AS_NUMBER,PARENT_SITE_ID,ROUTER,INTERFACE,BGP_NEIGHBOR_IP,IRRD_OBJECT,BHA_BGP_NEIGHBOR_IP,BLACK_HOLE_ROUTING,BGP_NEIGHBOR_IP_V6,BHA_BGP_NEIGHBOR_IP_V6)
	values ('phkgript44550','phkgript44550','GID','14264','AS9730',null,'1212','2115','12.2.1.2','AS11 AS22','200.100.10.0','212.23.12.1','','');
	
INSERT 	
	INTO SERVICE (SERVICE_ID,TELSTRA_SERVICE_ID,PRODUCT_LINE,CUSTOMER_ID,AS_NUMBER,PARENT_SITE_ID,ROUTER,INTERFACE,BGP_NEIGHBOR_IP,IRRD_OBJECT,BHA_BGP_NEIGHBOR_IP,BLACK_HOLE_ROUTING)
	values ('phkgript44551','phkgript44551','GID','14264','AS9731',null,'1212','2115','12.2.1.2','AS11 AS22','200.100.10.0','212.23.12.1');
	
INSERT INTO SERVICE (SERVICE_ID,TELSTRA_SERVICE_ID,PRODUCT_LINE,CUSTOMER_ID,AS_NUMBER,PARENT_SITE_ID,ROUTER,INTERFACE,BGP_NEIGHBOR_IP,IRRD_OBJECT,BHA_BGP_NEIGHBOR_IP,BLACK_HOLE_ROUTING)
	values ('phkgript44545','phkgript44545','IPVPN','14264','AS1219',null,'1189','3465','12.2.1.2','AS11 AS22','200.100.10.0','212.23.12.1');
	
INSERT INTO SERVICE (SERVICE_ID,TELSTRA_SERVICE_ID,PRODUCT_LINE,CUSTOMER_ID,AS_NUMBER,PARENT_SITE_ID,ROUTER,INTERFACE,BGP_NEIGHBOR_IP,IRRD_OBJECT,BHA_BGP_NEIGHBOR_IP,BLACK_HOLE_ROUTING)
	values ('phkgript44546','phkgript44546','IPVPN','14264','AS9729',null,'1254','4545','12.2.1.2','AS11 AS22','200.100.10.0','212.23.12.1');
	
INSERT INTO SERVICE (SERVICE_ID,TELSTRA_SERVICE_ID,PRODUCT_LINE,CUSTOMER_ID,AS_NUMBER,PARENT_SITE_ID,ROUTER,INTERFACE,BGP_NEIGHBOR_IP,IRRD_OBJECT,BHA_BGP_NEIGHBOR_IP,BLACK_HOLE_ROUTING)
	values ('MASTER GIP 9527641','MASTER GIP 9527641','IPVPN','10004',null,null,'1245','4785','12.2.1.2','AS11 AS22','200.100.10.0','212.23.12.1');
	
INSERT INTO SERVICE (SERVICE_ID,TELSTRA_SERVICE_ID,PRODUCT_LINE,CUSTOMER_ID,AS_NUMBER,PARENT_SITE_ID,ROUTER,INTERFACE,BGP_NEIGHBOR_IP,IRRD_OBJECT,BHA_BGP_NEIGHBOR_IP,BLACK_HOLE_ROUTING)
	values ('MASTER GIP 9540268','MASTER GIP 9540268','IPVPN','10004',null,null,'1146','4566','12.2.1.2','AS11 AS22','200.100.10.0','212.23.12.1');
	
INSERT INTO SERVICE (SERVICE_ID,TELSTRA_SERVICE_ID,PRODUCT_LINE,CUSTOMER_ID,AS_NUMBER,PARENT_SITE_ID,ROUTER,INTERFACE,BGP_NEIGHBOR_IP,IRRD_OBJECT,BHA_BGP_NEIGHBOR_IP,BLACK_HOLE_ROUTING)
	values ('MASTER GIP 9571459','MASTER GIP 9571459','IPVPN','10004',null,null,'1424','5543','12.2.1.2','AS11 AS22','200.100.10.0','212.23.12.1');
	
INSERT INTO SERVICE (SERVICE_ID,TELSTRA_SERVICE_ID,PRODUCT_LINE,CUSTOMER_ID,AS_NUMBER,PARENT_SITE_ID,ROUTER,INTERFACE,BGP_NEIGHBOR_IP,IRRD_OBJECT,BHA_BGP_NEIGHBOR_IP,BLACK_HOLE_ROUTING)
	values ('SYD VLP 9677876','SYD VLP 9677876','VPLS','10004',null,null,'1313','4445','12.2.1.2','AS11 AS22','200.100.10.0','212.23.12.1');
	
INSERT INTO SERVICE (SERVICE_ID,TELSTRA_SERVICE_ID,PRODUCT_LINE,CUSTOMER_ID,AS_NUMBER,PARENT_SITE_ID,ROUTER,INTERFACE,BGP_NEIGHBOR_IP,IRRD_OBJECT,BHA_BGP_NEIGHBOR_IP,BLACK_HOLE_ROUTING)
	values ('ZZZ ASBRA 9934160','ZZZ ASBRA 9934160','IPVPN','10004',null,null,'1898','2529','12.2.1.2','AS11 AS22','200.100.10.0','212.23.12.1');
	
INSERT INTO SERVICE (SERVICE_ID,TELSTRA_SERVICE_ID,PRODUCT_LINE,CUSTOMER_ID,AS_NUMBER,PARENT_SITE_ID,ROUTER,INTERFACE,BGP_NEIGHBOR_IP,IRRD_OBJECT,BHA_BGP_NEIGHBOR_IP,BLACK_HOLE_ROUTING)
	values ('HKG GIP 9121947','HKG GIP 9121947','IPVPN','10012','54',null,'1117','8458','12.2.1.2','AS11 AS22','200.100.10.0','212.23.12.1');
	
INSERT INTO looking_glass_node(Node_ID, Router_Name,Router_Software_ID,IP_Address,IP_Version,Pop_Country_ID,Pop_City_ID)
 VALUES (lg_seq.nextval, 'CISCO XR','2','134.159.145.48','4','IND','BGL');
INSERT INTO looking_glass_node(Node_ID, Router_Name,Router_Software_ID,IP_Address,IP_Version,Pop_Country_ID,Pop_City_ID)
 VALUES (lg_seq.nextval, 'CISCO XR','2','134.159.153.121','4','NZL','AUC');

INSERT INTO looking_glass_node(Node_ID, Router_Name,Router_Software_ID,IP_Address,IP_Version,Pop_Country_ID,Pop_City_ID)
 VALUES (lg_seq.nextval, 'Cisco IOS','1','134.159.153.126','4','JPN','TOK');
INSERT INTO looking_glass_node(Node_ID, Router_Name,Router_Software_ID,IP_Address,IP_Version,Pop_Country_ID,Pop_City_ID)
 VALUES (lg_seq.nextval, 'Cisco IOS','1','134.159.158.212','4','NLD','AMS');

INSERT INTO looking_glass_node(Node_ID, Router_Name,Router_Software_ID,IP_Address,IP_Version,Pop_Country_ID,Pop_City_ID)
 VALUES (lg_seq.nextval, 'JUNIPER','3','202.84.153.68','4','AUS','SYD');
INSERT INTO looking_glass_node(Node_ID, Router_Name,Router_Software_ID,IP_Address,IP_Version,Pop_Country_ID,Pop_City_ID)
 VALUES (lg_seq.nextval, 'JUNIPER','3','134.159.15.122','4','USA','LAX');
 
 INSERT INTO looking_glass_node(Node_ID, Router_Name,Router_Software_ID,IP_Address,IP_Version,Pop_Country_ID,Pop_City_ID)
 VALUES (lg_seq.nextval, 'CISCO XR','2','134.159.145.48','6','IND','BGL');
INSERT INTO looking_glass_node(Node_ID, Router_Name,Router_Software_ID,IP_Address,IP_Version,Pop_Country_ID,Pop_City_ID)
 VALUES (lg_seq.nextval, 'CISCO XR','2','134.159.153.121','6','NZL','AUC');

INSERT INTO looking_glass_node(Node_ID, Router_Name,Router_Software_ID,IP_Address,IP_Version,Pop_Country_ID,Pop_City_ID)
 VALUES (lg_seq.nextval, 'Cisco IOS','1','134.159.153.126','6','JPN','TOK');
INSERT INTO looking_glass_node(Node_ID, Router_Name,Router_Software_ID,IP_Address,IP_Version,Pop_Country_ID,Pop_City_ID)
 VALUES (lg_seq.nextval, 'Cisco IOS','1','134.159.158.212','6','NLD','AMS');

INSERT INTO looking_glass_node(Node_ID, Router_Name,Router_Software_ID,IP_Address,IP_Version,Pop_Country_ID,Pop_City_ID)
 VALUES (lg_seq.nextval, 'JUNIPER','3','202.84.153.68','6','AUS','SYD');
INSERT INTO looking_glass_node(Node_ID, Router_Name,Router_Software_ID,IP_Address,IP_Version,Pop_Country_ID,Pop_City_ID)
 VALUES (lg_seq.nextval, 'JUNIPER','3','134.159.15.122','6','USA','LAX');

 
INSERT INTO pop_City (Pop_City,Pop_City_ID) VALUES ('AUCKLAND','AUC');
INSERT INTO pop_City (Pop_City,Pop_City_ID) VALUES ('HONG KONG','HKG');
INSERT INTO pop_City (Pop_City,Pop_City_ID) VALUES ('AMSTERDAM','AMS');
INSERT INTO pop_City (Pop_City,Pop_City_ID) VALUES ('SHIMA SOUTH','SHS');
INSERT INTO pop_City (Pop_City,Pop_City_ID) VALUES ('TOKYO','TOK');
INSERT INTO pop_City (Pop_City,Pop_City_ID) VALUES ('SYDNEY','SYD');
INSERT INTO pop_City (Pop_City,Pop_City_ID) VALUES ('SINGAPORE','SNG');
INSERT INTO pop_City (Pop_City,Pop_City_ID) VALUES ('BANGALORE','BGL');
INSERT INTO pop_City (Pop_City,Pop_City_ID) VALUES ('LOS ANGELES','LAX');

INSERT INTO pop_country (Pop_Country,Pop_Country_ID) VALUES ('NEW ZEALAND','NZL');
INSERT INTO pop_country (Pop_Country,Pop_Country_ID) VALUES ('HONG KONG','HKG');
INSERT INTO pop_country (Pop_Country,Pop_Country_ID) VALUES ('NETHERLANDS','NLD');
INSERT INTO pop_country (Pop_Country,Pop_Country_ID) VALUES ('JAPAN','JPN');
INSERT INTO pop_country (Pop_Country,Pop_Country_ID) VALUES ('INDIA','IND');
INSERT INTO pop_country (Pop_Country,Pop_Country_ID) VALUES ('AUSTRALIA','AUS');
INSERT INTO pop_country (Pop_Country,Pop_Country_ID) VALUES ('UNITED STATES OF AMERICA','USA');
INSERT INTO pop_country (Pop_Country,Pop_Country_ID) VALUES ('TAIWAN','TWN');
INSERT INTO pop_country (Pop_Country,Pop_Country_ID) VALUES ('PHILIPPINES','PHL');
INSERT INTO pop_country (Pop_Country,Pop_Country_ID) VALUES ('THAILAND','THA');

INSERT INTO customer(Customer_ID,Customer_name) values ('10004','IR145_DOD_Test Account');
INSERT INTO customer(Customer_ID,Customer_name) values ('10012','IR188_Pacnet_SIT_Test_Account');
INSERT INTO customer(Customer_ID,Customer_name) values ('10014','IR188_PACNET_SIT_TC03_1');
INSERT INTO customer(Customer_ID,Customer_name) values ('10019','AAP Industries (AUS)');
INSERT INTO customer(Customer_ID,Customer_name) values ('10028','ABB Australia Pty Ltd');
INSERT INTO customer(Customer_ID,Customer_name) values ('10046','Access Networks & Communications (AUS)');
INSERT INTO customer(Customer_ID,Customer_name) values ('10055','Accor Pty Ltd (AUS)');
INSERT INTO customer(Customer_ID,Customer_name) values ('10073','Adeptra Limited (AUS)');
INSERT INTO customer(Customer_ID,Customer_name)  values ('10091','Adshel Street Furniture Pty Limited');
INSERT INTO customer(Customer_ID,Customer_name)  values ('10110','Afilias (HKG)');
	
INSERT INTO netops_productline(Product_Line,Product_Name, Service_Product_Line) Values ('GID','Global Internet Access', 'GID');
INSERT INTO netops_productline(Product_Line,Product_Name, Service_Product_Line) Values ('IPT','IP Transit', 'IPTransit');
INSERT INTO netops_productline(Product_Line,Product_Name, Service_Product_Line) Values ('IPVPN','IPVPN', 'IPVPN');
INSERT INTO netops_productline(Product_Line,Product_Name, Service_Product_Line) Values ('EVPL','EVPL', 'EVPL');
INSERT INTO netops_productline(Product_Line,Product_Name, Service_Product_Line) Values ('VPLS','VPLS', 'VPLS');
INSERT INTO netops_productline(Product_Line,Product_Name, Service_Product_Line) Values ('GMNS','Global Management Network Services', 'GMNS');

  
INSERT INTO tool_access(Tool_Access_Id, Product_Line,User_Role,Tool,menu_access) values ('1', 'GID','Internal','DNS','Y');
INSERT INTO tool_access(Tool_Access_Id, Product_Line,User_Role,Tool,menu_access) values ('2', 'GID','Internal','Looking Glass','Y');
INSERT INTO tool_access(Tool_Access_Id, Product_Line,User_Role,Tool,menu_access) values ('3', 'GID','Internal','Network CLI','Y');
INSERT INTO tool_access(Tool_Access_Id, Product_Line,User_Role,Tool,menu_access) values ('4', 'GID','Internal','Route Management','Y');
INSERT INTO tool_access(Tool_Access_Id, Product_Line,User_Role,Tool,menu_access) values ('5', 'GID','External','DNS','Y');
INSERT INTO tool_access(Tool_Access_Id, Product_Line,User_Role,Tool,menu_access) values ('6', 'GID','External','Looking Glass','Y');
INSERT INTO tool_access(Tool_Access_Id, Product_Line,User_Role,Tool,menu_access) values ('7', 'GID','External','Network CLI','Y');
INSERT INTO tool_access(Tool_Access_Id, Product_Line,User_Role,Tool,menu_access) values ('8', 'GID','External','Route Management','Y');
	
	
INSERT INTO tool_access(Tool_Access_Id, Product_Line,User_Role,Tool,menu_access) values ('9', 'IP Transit','Internal','DNS','Y');
INSERT INTO tool_access(Tool_Access_Id, Product_Line,User_Role,Tool,menu_access) values ('10', 'IP Transit','Internal','Looking Glass','Y');
INSERT INTO tool_access(Tool_Access_Id, Product_Line,User_Role,Tool,menu_access) values ('11', 'IP Transit','Internal','Network CLI','Y');
INSERT INTO tool_access(Tool_Access_Id, Product_Line,User_Role,Tool,menu_access) values ('12', 'IP Transit','Internal','Route Management','Y');
INSERT INTO tool_access(Tool_Access_Id, Product_Line,User_Role,Tool,menu_access) values ('13', 'IP Transit','External','DNS','Y');
INSERT INTO tool_access(Tool_Access_Id, Product_Line,User_Role,Tool,menu_access) values ('14', 'IP Transit','External','Looking Glass','Y');
INSERT INTO tool_access(Tool_Access_Id, Product_Line,User_Role,Tool,menu_access) values ('15', 'IP Transit','External','Network CLI','Y');
INSERT INTO tool_access(Tool_Access_Id, Product_Line,User_Role,Tool,menu_access) values ('16', 'IP Transit','External','Route Management','Y');

INSERT INTO tool_access(Tool_Access_Id, Product_Line,User_Role,Tool,menu_access) values ('17', 'IPVPN','Internal','DNS','N');
INSERT INTO tool_access(Tool_Access_Id, Product_Line,User_Role,Tool,menu_access) values ('18', 'IPVPN','Internal','Looking Glass','N');
INSERT INTO tool_access(Tool_Access_Id, Product_Line,User_Role,Tool,menu_access) values ('19', 'IPVPN','Internal','Network CLI','Y');
INSERT INTO tool_access(Tool_Access_Id, Product_Line,User_Role,Tool,menu_access) values ('20', 'IPVPN','Internal','Route Management','N');
INSERT INTO tool_access(Tool_Access_Id, Product_Line,User_Role,Tool,menu_access) values ('21', 'IPVPN','External','DNS','N');
INSERT INTO tool_access(Tool_Access_Id, Product_Line,User_Role,Tool,menu_access) values ('22', 'IPVPN','External','Looking Glass','N');
INSERT INTO tool_access(Tool_Access_Id, Product_Line,User_Role,Tool,menu_access) values ('23', 'IPVPN','External','Network CLI','Y');
INSERT INTO tool_access(Tool_Access_Id, Product_Line,User_Role,Tool,menu_access) values ('24', 'IPVPN','External','Route Management','N');
	
INSERT INTO tool_access(Tool_Access_Id, Product_Line,User_Role,Tool,menu_access) values ('25', 'EVPL','Internal','DNS','N');
INSERT INTO tool_access(Tool_Access_Id, Product_Line,User_Role,Tool,menu_access) values ('26', 'EVPL','Internal','Looking Glass','N');
INSERT INTO tool_access(Tool_Access_Id, Product_Line,User_Role,Tool,menu_access) values ('271', 'EVPL','Internal','Network CLI','Y');
INSERT INTO tool_access(Tool_Access_Id, Product_Line,User_Role,Tool,menu_access) values ('28', 'EVPL','Internal','Route Management','N');
INSERT INTO tool_access(Tool_Access_Id, Product_Line,User_Role,Tool,menu_access) values ('29', 'EVPL','External','DNS','N');
INSERT INTO tool_access(Tool_Access_Id, Product_Line,User_Role,Tool,menu_access) values ('30', 'EVPL','External','Looking Glass','N');
INSERT INTO tool_access(Tool_Access_Id, Product_Line,User_Role,Tool,menu_access) values ('31', 'EVPL','External','Network CLI','Y');
INSERT INTO tool_access(Tool_Access_Id, Product_Line,User_Role,Tool,menu_access) values ('32', 'EVPL','External','Route Management','N');
	
INSERT INTO tool_access(Tool_Access_Id, Product_Line,User_Role,Tool,menu_access) values ('33', 'VPLS','Internal','DNS','N');
INSERT INTO tool_access(Tool_Access_Id, Product_Line,User_Role,Tool,menu_access) values ('34', 'VPLS','Internal','Looking Glass','N');
INSERT INTO tool_access(Tool_Access_Id, Product_Line,User_Role,Tool,menu_access) values ('35', 'VPLS','Internal','Network CLI','Y');
INSERT INTO tool_access(Tool_Access_Id, Product_Line,User_Role,Tool,menu_access) values ('36', 'VPLS','Internal','Route Management','N');
INSERT INTO tool_access(Tool_Access_Id, Product_Line,User_Role,Tool,menu_access) values ('37', 'VPLS','External','DNS','N');
INSERT INTO tool_access(Tool_Access_Id, Product_Line,User_Role,Tool,menu_access) values ('38', 'VPLS','External','Looking Glass','N');
INSERT INTO tool_access(Tool_Access_Id, Product_Line,User_Role,Tool,menu_access) values ('39', 'VPLS','External','Network CLI','Y');
INSERT INTO tool_access(Tool_Access_Id, Product_Line,User_Role,Tool,menu_access) values ('40', 'VPLS','External','Route Management','N');
	
INSERT INTO tool_access(Tool_Access_Id, Product_Line,User_Role,Tool,menu_access) values ('41', 'GMNS','Internal','DNS','N');
INSERT INTO tool_access(Tool_Access_Id, Product_Line,User_Role,Tool,menu_access) values ('42', 'GMNS','Internal','Looking Glass','N');
INSERT INTO tool_access(Tool_Access_Id, Product_Line,User_Role,Tool,menu_access) values ('43', 'GMNS','Internal','Network CLI','Y');
INSERT INTO tool_access(Tool_Access_Id, Product_Line,User_Role,Tool,menu_access) values ('44', 'GMNS','Internal','Route Management','N');
INSERT INTO tool_access(Tool_Access_Id, Product_Line,User_Role,Tool,menu_access) values ('45', 'GMNS','External','DNS','N');
INSERT INTO tool_access(Tool_Access_Id, Product_Line,User_Role,Tool,menu_access) values ('46', 'GMNS','External','Looking Glass','N');
INSERT INTO tool_access(Tool_Access_Id, Product_Line,User_Role,Tool,menu_access) values ('47', 'GMNS','External','Network CLI','Y');
INSERT INTO tool_access(Tool_Access_Id, Product_Line,User_Role,Tool,menu_access) values ('48', 'GMNS','External','Route Management','N');
	
	
INSERT INTO Router_Software(Router_Software_ID,Router_Software,Routername) values ('1','Cisco IOS','lab-X01');
INSERT INTO Router_Software(Router_Software_ID,Router_Software,Routername) values ('2','Cisco XR','lab-X02');
INSERT INTO Router_Software(Router_Software_ID,Router_Software,Routername) values ('3','Juniper','lab-X03');



